Name,First Name,Last Name,Company,Position
Sarah Johnson,Sarah,Johnson,DataCo,Data Scientist
Sarah Johnson,Sarah,Johnson,DataCo,Data Scientist
Emily Brown,Emily,Brown,StartupXYZ,Founder & CEO
Lisa Garcia,Lisa,Garcia,Google,Senior Recruiter
Robert Miller,Robert,Miller,Microsoft,Principal Engineer
Sarah Johnson,Sarah,Johnson,DataCo,Data Scientist
James Rodriguez,James,Rodriguez,Amazon,Product Manager
Emily Brown,Emily,Brown,StartupXYZ,Founder & CEO
Lisa Garcia,Lisa,Garcia,Google,Senior Recruiter
Maria Martinez,Maria,Martinez,Meta,UX Designer
Robert Miller,Robert,Miller,Microsoft,Principal Engineer
Emily Brown,Emily,Brown,StartupXYZ,Founder & CEO
